id,first_name,last_name,email,company
1,Alisun,Carn,acarn0@barnesandnoble.com,Ziemann Group
2,Gannie,Cobleigh,gcobleigh1@cdc.gov,Thompson-Ruecker
3,Tony,Ironmonger,tironmonger2@weather.com,Effertz-Effertz
4,Celeste,Halliburton,challiburton3@nhs.uk,Gottlieb-Aufderhar
5,Mendie,Tout,mtout4@flickr.com,Nienow-Auer
6,Trudi,Malicki,tmalicki5@google.ru,Heathcote-Runolfsdottir
7,Winnie,Drakes,wdrakes6@devhub.com,Ziemann Group
8,Bordie,Keene,bkeene7@cdbaby.com,Doyle and Sons
9,Brandon,Clover,bclover8@jiathis.com,"Casper, Lebsack and Hackett"
10,Kienan,Frift,kfrift9@moonfruit.com,Murphy-Larkin
11,Donelle,Tabord,dtaborda@japanpost.jp,Lynch-Trantow
12,Arnold,Plumbley,aplumbleyb@dion.ne.jp,Okuneva-Fritsch
13,Windy,Brammer,wbrammerc@usgs.gov,"Gibson, Welch and Bartell"
14,Yard,Dikelin,ydikelind@example.com,Kassulke Inc
15,Donnajean,Bimson,dbimsone@msu.edu,O'Conner-Barrows
16,Deidre,Tander,dtanderf@bravesites.com,Durgan-Hudson
17,Obadiah,Comettoi,ocomettoig@foxnews.com,Franecki-Bode
18,Seana,Pochet,spocheth@squarespace.com,"Gorczany, Gislason and Parker"
19,Chiquita,Ayce,caycei@nature.com,Schmidt LLC
20,Cyrillus,Ferraretto,cferrarettoj@mozilla.org,Lockman and Sons
21,Harman,Tummasutti,htummasuttik@google.fr,Brown-Lowe
22,Mal,Maior,mmaiorl@etsy.com,"Koch, Frami and Schuppe"
23,Elsy,Elham,eelhamm@arizona.edu,"O'Conner, Shields and Becker"
24,Ancell,Fayter,afaytern@yale.edu,Wolf Inc
25,Akim,Splevin,asplevino@etsy.com,Thiel and Sons
26,Ferris,Lubman,flubmanp@yahoo.co.jp,"Morissette, Harber and Stark"
27,Noe,Bendixen,nbendixenq@cafepress.com,"Becker, Kerluke and Labadie"
28,Jordana,Carlisi,jcarlisir@blogger.com,"Davis, Hermiston and Ondricka"
29,Uta,Prendeguest,uprendeguests@cloudflare.com,Kovacek Group
30,Crystal,Huske,chusket@lycos.com,Krajcik and Sons
31,Henriette,Jerdan,hjerdanu@wunderground.com,Mayert Group
32,Tris,Aiers,taiersv@google.pl,Rippin-Kuhlman
33,Regan,Bachmann,rbachmannw@mozilla.org,Koch and Sons
34,Jecho,Clyne,jclynex@ed.gov,Schuster-Hudson
35,Ashia,Cumber,acumbery@photobucket.com,Johns LLC
36,Edyth,Hassewell,ehassewellz@github.com,Langworth-Padberg
37,Nanny,Pampling,npampling10@weather.com,Roob LLC
38,Marion,Cogzell,mcogzell11@cmu.edu,Kihn-Lueilwitz
39,Barty,Goodchild,bgoodchild12@icq.com,"Jast, Huels and Beer"
40,Minor,Fishbourne,mfishbourne13@eventbrite.com,Reichert-Schulist
41,Cal,Koop,ckoop14@dion.ne.jp,Pfeffer-O'Kon
42,Lorianne,Trafford,ltrafford15@soundcloud.com,Mueller-Abbott
43,Teressa,Budleigh,tbudleigh16@google.pl,Kutch-Beatty
44,Georgette,Gant,ggant17@microsoft.com,Heller-Lesch
45,Laney,Sowerbutts,lsowerbutts18@arstechnica.com,Reynolds LLC
46,Bary,De Paoli,bdepaoli19@deviantart.com,Carter-Wehner
47,Burg,Kitson,bkitson1a@google.es,Lockman-Connelly
48,Carroll,Popping,cpopping1b@facebook.com,Medhurst-Sawayn
49,Annamarie,Henkens,ahenkens1c@alibaba.com,"Kulas, Koss and Hessel"
50,Marty,Witherspoon,mwitherspoon1d@washington.edu,Labadie and Sons
51,Dulcia,Bielfelt,dbielfelt1e@wikispaces.com,"Rogahn, Mann and Osinski"
52,Bethanne,Vowles,bvowles1f@goo.gl,Halvorson LLC
53,Fowler,Troctor,ftroctor1g@bbc.co.uk,Swaniawski-Nicolas
54,Tine,Rides,trides1h@independent.co.uk,Towne Inc
55,Anson,Kopta,akopta1i@yelp.com,McLaughlin-Swift
56,Jonathan,Rojas,jrojas1j@skype.com,"Weimann, Cronin and Hauck"
57,Bernadette,Curston,bcurston1k@example.com,"Kautzer, Lockman and Daniel"
58,Debbi,Pischof,dpischof1l@alexa.com,Mante LLC
59,Filia,Lewcock,flewcock1m@digg.com,Wolff Group
60,Brynn,Gelly,bgelly1n@imgur.com,Keeling-Heller
61,Claretta,Bovey,cbovey1o@goo.gl,Walsh Inc
62,Lisette,Gitsham,lgitsham1p@goodreads.com,Cartwright-Aufderhar
63,Philip,Cordery,pcordery1q@ebay.com,"Stokes, Purdy and Macejkovic"
64,Thorny,Thick,tthick1r@a8.net,"Schoen, Williamson and King"
65,Court,Lavalle,clavalle1s@biblegateway.com,Rath-Rath
66,Steve,Philpault,sphilpault1t@sbwire.com,Gutmann Inc
67,Meridith,Hansod,mhansod1u@wikia.com,Mueller Group
68,Osbourn,Bettaney,obettaney1v@list-manage.com,Wilkinson Inc
69,Manon,Cluley,mcluley1w@ehow.com,Wunsch-Roob
70,Maible,Carmo,mcarmo1x@time.com,Schaefer and Sons
71,Sharron,Sabban,ssabban1y@cbc.ca,Kuhic-Casper
72,Gusta,O'Calleran,gocalleran1z@addthis.com,Daniel Group
73,Genna,Kenlin,gkenlin20@java.com,"Medhurst, Miller and Moore"
74,Humbert,Stetson,hstetson21@hugedomains.com,"Boyer, Ernser and Hyatt"
75,Vasily,Scupham,vscupham22@linkedin.com,Witting-Schumm
76,Barby,Weinham,bweinham23@desdev.cn,"Hills, Schiller and Gislason"
77,Neely,Gomersall,ngomersall24@economist.com,Wunsch Group
78,Ilse,Beaton,ibeaton25@bbb.org,"Lockman, Crona and Koepp"
79,Sibyl,Espino,sespino26@google.co.uk,"Haley, Mohr and Rodriguez"
80,Venita,Dradey,vdradey27@tiny.cc,Mueller-Parker
81,Mitzi,Tilmouth,mtilmouth28@xinhuanet.com,Schmidt-Abshire
82,Archambault,Graysmark,agraysmark29@dell.com,Beer-Goodwin
83,Winston,Casini,wcasini2a@hibu.com,"Wisoky, Little and Hansen"
84,Toddy,Trattles,ttrattles2b@pen.io,Hamill-Emmerich
85,Selene,Rustidge,srustidge2c@clickbank.net,Feeney and Sons
86,Romonda,Gomersall,rgomersall2d@archive.org,Price-Williamson
87,Isidor,Bourbon,ibourbon2e@devhub.com,"Weber, Mills and Osinski"
88,Leigh,Alu,lalu2f@xinhuanet.com,"Jast, Franecki and O'Kon"
89,Davina,Albon,dalbon2g@disqus.com,Kling-Frami
90,Say,Wilshin,swilshin2h@w3.org,"Schamberger, Langosh and Schaefer"
91,Paco,Roberds,proberds2i@tamu.edu,Lowe and Sons
92,Abbot,McGuiness,amcguiness2j@ehow.com,Erdman Group
93,Shelba,Chessun,schessun2k@sitemeter.com,Upton and Sons
94,Daphene,Noakes,dnoakes2l@phpbb.com,Kertzmann-Rath
95,Alessandra,Piatkowski,apiatkowski2m@mayoclinic.com,"Gerhold, Feil and Corwin"
96,Verney,Marzello,vmarzello2n@twitpic.com,Maggio-Mills
97,Virgie,Backhouse,vbackhouse2o@cbc.ca,"Bednar, Witting and O'Kon"
98,Ikey,Cartmel,icartmel2p@networkadvertising.org,"Weimann, Romaguera and Larson"
99,Moise,D'Antoni,mdantoni2q@yahoo.com,"Fahey, Will and Dare"
100,Ailey,Le Ball,aleball2r@barnesandnoble.com,"Lang, Jacobs and Connelly"
101,Victoir,Redmond,vredmond2s@seesaa.net,Balistreri Group
102,Steffie,Flecknell,sflecknell2t@sohu.com,"Stracke, Roberts and Thompson"
103,Dominga,Middlemiss,dmiddlemiss2u@acquirethisname.com,"Toy, Shanahan and Torphy"
104,Zorana,Tomasi,ztomasi2v@simplemachines.org,Upton-Hermiston
105,Riccardo,MacDwyer,rmacdwyer2w@jalbum.net,Batz LLC
106,Blondell,Kenshole,bkenshole2x@networkadvertising.org,"Kuhlman, Kozey and Watsica"
107,Janetta,Petrovsky,jpetrovsky2y@alexa.com,Mraz and Sons
108,Regine,Fernihough,rfernihough2z@samsung.com,"Rosenbaum, Davis and Leannon"
109,Constantine,Turmall,cturmall30@dot.gov,Dickens LLC
110,Wilhelmine,Vlahos,wvlahos31@narod.ru,"Kris, Dicki and O'Kon"
111,Pietro,Infante,pinfante32@nydailynews.com,Jacobson and Sons
112,Greggory,Farris,gfarris33@baidu.com,Beer and Sons
113,Bili,Addenbrooke,baddenbrooke34@fastcompany.com,Lemke and Sons
114,Piper,Ambrois,pambrois35@liveinternet.ru,"Cassin, Will and Rohan"
115,Sherrie,Darley,sdarley36@opera.com,Bernhard-Hackett
116,Madelle,Pentlow,mpentlow37@usatoday.com,Goodwin-Johnson
117,Kate,Applewhite,kapplewhite38@rambler.ru,Yundt-Bayer
118,Alford,Lubbock,alubbock39@facebook.com,Sipes Inc
119,Willamina,Wyldes,wwyldes3a@thetimes.co.uk,Farrell LLC
120,Turner,Rishworth,trishworth3b@icio.us,Okuneva-Sipes
121,Gasper,Isard,gisard3c@behance.net,"Baumbach, Marvin and Huels"
122,Tuckie,Dunseath,tdunseath3d@ucsd.edu,Boehm Inc
123,Arlan,Wyatt,awyatt3e@meetup.com,"Doyle, Bednar and Kassulke"
124,Lynea,Douce,ldouce3f@intel.com,Sawayn LLC
125,Alexandra,Edwick,aedwick3g@slideshare.net,"Casper, Johns and Wilderman"
126,Hannah,Camidge,hcamidge3h@ox.ac.uk,Armstrong-Langosh
127,Kellie,Witchard,kwitchard3i@whitehouse.gov,"O'Kon, Hettinger and Nikolaus"
128,Corie,Gray,cgray3j@flickr.com,Hammes-Sanford
129,Guthry,Aspy,gaspy3k@oracle.com,Kerluke-Schmeler
130,Sim,Ivankov,sivankov3l@mozilla.org,Veum-Schinner
131,Patrica,Fuzzey,pfuzzey3m@howstuffworks.com,"Corkery, Fadel and Yundt"
132,Alfie,Cavet,acavet3n@smugmug.com,McDermott Inc
133,Tuckie,MacGinney,tmacginney3o@canalblog.com,Reynolds Inc
134,Jacklin,Maraga,jmaraga3p@webnode.com,"Spencer, Kassulke and Yundt"
135,Dru,Faltin,dfaltin3q@cnbc.com,Barrows-Mertz
136,Wilmar,Aleksashin,waleksashin3r@typepad.com,Kunze-Balistreri
137,Lida,Pirson,lpirson3s@vinaora.com,Effertz-Bernier
138,Dame,Bendix,dbendix3t@woothemes.com,"Nienow, McCullough and Davis"
139,Gill,Henke,ghenke3u@chicagotribune.com,"Morissette, Gutkowski and Jacobs"
140,Burnard,Paterno,bpaterno3v@bigcartel.com,Quigley-Jones
141,Bary,Pidgen,bpidgen3w@plala.or.jp,Farrell LLC
142,Lynne,Danser,ldanser3x@si.edu,Flatley-Abernathy
143,Laural,Richemont,lrichemont3y@liveinternet.ru,Shanahan and Sons
144,Vail,Matthius,vmatthius3z@ibm.com,"O'Conner, Cronin and Hilll"
145,Ced,Clelle,cclelle40@accuweather.com,Block-Stokes
146,Aggy,Scruby,ascruby41@cam.ac.uk,Ward Inc
147,Shannan,Canton,scanton42@sfgate.com,Sipes-Beatty
148,Fabio,Petruszka,fpetruszka43@digg.com,Rau-Tillman
149,Hermie,Piddlesden,hpiddlesden44@acquirethisname.com,Heaney Group
150,Quincy,Cottel,qcottel45@boston.com,Hartmann-Gleichner
151,Aurelea,Byfield,abyfield46@prlog.org,"Dach, Cole and Bartoletti"
152,Carolynn,Sherme,csherme47@xinhuanet.com,"Predovic, Tromp and Eichmann"
153,Tiena,Peevor,tpeevor48@alexa.com,Eichmann-Greenholt
154,Rudy,Fillon,rfillon49@blogger.com,Yundt Inc
155,Wynne,Fetherston,wfetherston4a@cbc.ca,Thiel and Sons
156,Francklyn,Filipov,ffilipov4b@omniture.com,Simonis LLC
157,Kaye,Boulding,kboulding4c@fc2.com,Stracke-Welch
158,Barnabas,Alessandone,balessandone4d@prnewswire.com,"Doyle, Schamberger and Welch"
159,Taryn,Fawbert,tfawbert4e@a8.net,"Boehm, Schulist and Labadie"
160,Lynda,Sowrey,lsowrey4f@bandcamp.com,Bahringer-Bailey
161,Ivette,Aasaf,iaasaf4g@mayoclinic.com,"Powlowski, Murray and Zboncak"
162,Shaina,Pencost,spencost4h@quantcast.com,Green Inc
163,Orel,Wainscoat,owainscoat4i@shinystat.com,Goyette-D'Amore
164,Myrlene,Radborne,mradborne4j@ning.com,Erdman-Marks
165,Ora,Bernuzzi,obernuzzi4k@sohu.com,Williamson and Sons
166,Delmor,Strute,dstrute4l@diigo.com,"Macejkovic, Frami and Reynolds"
167,Harris,Savage,hsavage4m@usa.gov,"Brown, Rosenbaum and Huels"
168,Lanna,Gason,lgason4n@abc.net.au,Connelly-Kuhn
169,Sinclair,Vlahos,svlahos4o@archive.org,"Abernathy, Douglas and Heaney"
170,Yehudi,Enderlein,yenderlein4p@dot.gov,"Skiles, Hoeger and Larson"
171,Northrup,Ghiron,nghiron4q@washingtonpost.com,Kub-Brown
172,Alexandr,Cadden,acadden4r@rediff.com,Ankunding Group
173,Rowney,Brandon,rbrandon4s@shinystat.com,Emmerich Inc
174,Farlee,Penwell,fpenwell4t@g.co,O'Keefe Inc
175,Selestina,Gillet,sgillet4u@adobe.com,Wiegand-Dare
176,Dosi,Codi,dcodi4v@sfgate.com,Okuneva-Goodwin
177,Gael,Chattington,gchattington4w@google.cn,"Kuphal, Beatty and Sanford"
178,Augie,Penton,apenton4x@ucla.edu,"Klocko, Wintheiser and Kub"
179,Meier,Kiehl,mkiehl4y@vkontakte.ru,Dooley-Funk
180,Beverie,Chevis,bchevis4z@digg.com,"D'Amore, Hickle and Turner"
181,Milli,Heymann,mheymann50@wiley.com,Gibson Inc
182,Gerda,Redman,gredman51@com.com,Jones and Sons
183,Lonee,Atwater,latwater52@wsj.com,"Mayert, McClure and Kemmer"
184,Berget,Mager,bmager53@over-blog.com,Kirlin-Bins
185,Kirk,Kunze,kkunze54@theguardian.com,Reichert-Dach
186,Margaretta,Foan,mfoan55@prnewswire.com,"Bartell, McKenzie and Padberg"
187,Farra,Logue,flogue56@netlog.com,Conroy and Sons
188,Maribelle,Ladewig,mladewig57@chronoengine.com,Lynch Inc
189,Karlee,Reame,kreame58@altervista.org,Sporer and Sons
190,Simone,Allsep,sallsep59@com.com,Zemlak-Langworth
191,Arabela,Terbruggen,aterbruggen5a@discuz.net,Bednar and Sons
192,Felecia,Le Grice,flegrice5b@mozilla.org,"Legros, Bode and Mohr"
193,Zed,Brindle,zbrindle5c@youku.com,"Brekke, Schmeler and Fay"
194,Frasco,Glackin,fglackin5d@geocities.jp,Kulas and Sons
195,Godwin,Hazelton,ghazelton5e@yolasite.com,Pouros-Zieme
196,Ardeen,Johansen,ajohansen5f@bloglovin.com,"Jast, Leffler and Welch"
197,Fidelity,Van Cassel,fvancassel5g@ucla.edu,"Effertz, Ziemann and Keeling"
198,Thorvald,Legon,tlegon5h@theglobeandmail.com,Lemke-Wuckert
199,Corny,Goutcher,cgoutcher5i@army.mil,Nienow-Beahan
200,Norry,Pirazzi,npirazzi5j@seattletimes.com,Legros-Hilll
201,Darsie,McKendo,dmckendo5k@apache.org,Sporer-Wisoky
202,Molli,Saward,msaward5l@purevolume.com,Macejkovic-Hoeger
203,Silvain,Fitzpayn,sfitzpayn5m@etsy.com,Lang-Mayer
204,Bryanty,Everton,beverton5n@google.it,Orn-McDermott
205,Herbie,Peregrine,hperegrine5o@jugem.jp,Roberts-Gottlieb
206,Liesa,Alwen,lalwen5p@aboutads.info,"McGlynn, Boyer and Stokes"
207,Maribel,Bake,mbake5q@noaa.gov,"Schaden, Pacocha and Hermiston"
208,Hetty,Molen,hmolen5r@1und1.de,Kovacek-Conn
209,Dugald,Gietz,dgietz5s@seesaa.net,Halvorson Inc
210,Eugen,Chamberlayne,echamberlayne5t@indiegogo.com,Rodriguez-Mraz
211,Reinwald,Gianasi,rgianasi5u@mail.ru,"Gibson, Deckow and Cummings"
212,Clemmie,Domenicone,cdomenicone5v@storify.com,Blick LLC
213,Jephthah,Szantho,jszantho5w@ask.com,Hagenes Inc
214,Yoshi,Pickston,ypickston5x@surveymonkey.com,Rodriguez and Sons
215,Ede,McAlpine,emcalpine5y@bloglines.com,Konopelski-Collier
216,Prince,Hawking,phawking5z@netlog.com,Dare LLC
217,Leland,Burlay,lburlay60@ezinearticles.com,Wiza Group
218,Prue,Allworthy,pallworthy61@wsj.com,Blick-Predovic
219,Andrej,Wellbelove,awellbelove62@dion.ne.jp,Will-Schaden
220,Kleon,Mundall,kmundall63@nymag.com,Langosh and Sons
221,Lawton,Frossell,lfrossell64@usnews.com,Hahn Group
222,Carmine,Jacquot,cjacquot65@gmpg.org,Hane-Ryan
223,Anabel,Allsep,aallsep66@un.org,O'Hara-Gaylord
224,Leonelle,McAree,lmcaree67@mtv.com,"Okuneva, DuBuque and Collier"
225,Kiah,Poulgreen,kpoulgreen68@marriott.com,Terry Inc
226,Bernie,Andreichik,bandreichik69@reference.com,Hirthe LLC
227,Tammie,Jellis,tjellis6a@whitehouse.gov,Abbott Group
228,Augustine,Rook,arook6b@mit.edu,"Russel, Thiel and Bartoletti"
229,Willy,Beeden,wbeeden6c@comcast.net,"Haag, Gleason and Abernathy"
230,Pete,Gribbins,pgribbins6d@stanford.edu,"Price, Windler and Douglas"
231,Karlen,Eburah,keburah6e@tinyurl.com,Rutherford-Abshire
232,Odey,Rhymer,orhymer6f@opensource.org,Kerluke Inc
233,Elfreda,Crossgrove,ecrossgrove6g@bluehost.com,Becker-Rau
234,Maressa,Yegorshin,myegorshin6h@mac.com,"Reichert, Hirthe and Abbott"
235,Miof mela,Pryce,mpryce6i@nyu.edu,"Halvorson, Larkin and Hudson"
236,Alice,Kinkaid,akinkaid6j@dmoz.org,Batz LLC
237,Melosa,Jaggar,mjaggar6k@t.co,Hermann Inc
238,Renaud,Round,rround6l@dedecms.com,Collier-Mertz
239,Benedicta,Summerhayes,bsummerhayes6m@chron.com,Effertz-Thiel
240,Olag,Edlyne,oedlyne6n@engadget.com,Goyette LLC
241,Amara,Windas,awindas6o@xing.com,Veum-Davis
242,Lek,Gallgher,lgallgher6p@g.co,"Hodkiewicz, Hand and Muller"
243,Addie,Spur,aspur6q@omniture.com,Dare and Sons
244,Elvera,Gaukrodge,egaukrodge6r@homestead.com,Durgan LLC
245,Doll,Straughan,dstraughan6s@wired.com,Satterfield-Ledner
246,Claudetta,Peasnone,cpeasnone6t@skyrock.com,Russel-Jacobs
247,Demetris,Beamish,dbeamish6u@ucoz.ru,"Grant, Prohaska and Schimmel"
248,Gram,Soans,gsoans6v@mashable.com,"VonRueden, Spinka and Gulgowski"
249,Miles,Sellman,msellman6w@seesaa.net,Schneider-Hettinger
250,Alvie,Swires,aswires6x@opera.com,"Erdman, Konopelski and Turner"
251,Thomasa,MacFie,tmacfie6y@timesonline.co.uk,Jacobson-Bartell
252,Hewe,Spino,hspino6z@friendfeed.com,"Green, Graham and Little"
253,Almire,Fiveash,afiveash70@ustream.tv,Kutch LLC
254,Mae,Gofforth,mgofforth71@hostgator.com,Sipes-Altenwerth
255,Leontyne,Prott,lprott72@uol.com.br,Jaskolski LLC
256,Carny,Gallihaulk,cgallihaulk73@instagram.com,"Runolfsson, Greenholt and Hintz"
257,Ambrosi,Fylan,afylan74@zimbio.com,"Hessel, Ernser and Nicolas"
258,Aldus,Hartshorn,ahartshorn75@furl.net,Nitzsche and Sons
259,Kamila,Haggie,khaggie76@accuweather.com,O'Keefe-Hane
260,Reyna,Buddleigh,rbuddleigh77@twitpic.com,Dickens-Schuppe
261,Carmon,Stivey,cstivey78@weather.com,"Kohler, Dare and Gutkowski"
262,Benn,Wicks,bwicks79@businessweek.com,Renner-Schmitt
263,Bret,Bonnefin,bbonnefin7a@addthis.com,"Jacobi, O'Keefe and Paucek"
264,Beverlie,Trow,btrow7b@desdev.cn,Grant-Thiel
265,Debora,Pumphreys,dpumphreys7c@house.gov,Anderson-Robel
266,Elsi,Matschek,ematschek7d@wix.com,Crona Inc
267,Costa,Quillinane,cquillinane7e@boston.com,Mayert LLC
268,Mahmud,MacCarrane,mmaccarrane7f@pinterest.com,Johns-Fritsch
269,Ruby,Upham,rupham7g@alibaba.com,"Cummings, Rice and Mitchell"
270,Maurine,Housiaux,mhousiaux7h@canalblog.com,Senger-Littel
271,Nonna,Karpol,nkarpol7i@360.cn,"Kassulke, Ziemann and Bernhard"
272,Jed,How,jhow7j@sciencedirect.com,Gorczany Inc
273,Querida,Gagie,qgagie7k@sciencedaily.com,"Cruickshank, Boyle and Gleason"
274,Cathrin,Nalder,cnalder7l@china.com.cn,"Gleichner, Crooks and Denesik"
275,Rupert,Liversidge,rliversidge7m@angelfire.com,Leuschke-Mraz
276,Francisca,De Zamudio,fdezamudio7n@cdbaby.com,"Spencer, Nicolas and Schuster"
277,Roanna,Marrett,rmarrett7o@weebly.com,"Parisian, D'Amore and Hamill"
278,Emalee,Slinger,eslinger7p@latimes.com,"Grady, Dare and Will"
279,Hal,Pendered,hpendered7q@reference.com,"Nicolas, Breitenberg and Mante"
280,Debor,Oleszcuk,doleszcuk7r@discuz.net,Hills Group
281,Sully,Van Niekerk,svanniekerk7s@de.vu,Wehner Inc
282,Ashlan,Patullo,apatullo7t@europa.eu,Green and Sons
283,Hayden,Lawn,hlawn7u@xrea.com,Bogan-Walsh
284,Conni,Softley,csoftley7v@tamu.edu,"Lind, Jacobson and Flatley"
285,Maxwell,Daley,mdaley7w@mapquest.com,Halvorson Group
286,Winnah,Donett,wdonett7x@godaddy.com,Tillman Inc
287,Ed,Goodnow,egoodnow7y@booking.com,"Rosenbaum, Cremin and Farrell"
288,Boony,Tringham,btringham7z@1688.com,Friesen-Boyer
289,Georgetta,McGovern,gmcgovern80@instagram.com,Boyle Inc
290,Opal,Kitley,okitley81@naver.com,"Toy, Haag and Hessel"
291,Langston,Kidby,lkidby82@squarespace.com,"Bogan, Mante and Kuphal"
292,Adler,Weagener,aweagener83@who.int,Welch-Treutel
293,Kelsy,Alwen,kalwen84@ibm.com,Donnelly-Durgan
294,Katrinka,Margram,kmargram85@cargocollective.com,"O'Conner, Stanton and Hudson"
295,Kristin,Minty,kminty86@cisco.com,Hodkiewicz-Gerlach
296,Imojean,Mortlock,imortlock87@oaic.gov.au,"Lubowitz, Armstrong and Sporer"
297,Darryl,Tarquini,dtarquini88@hostgator.com,Beer Group
298,Lida,Eliassen,leliassen89@icq.com,Schmeler LLC
299,Evonne,Gyurkovics,egyurkovics8a@icq.com,Ratke-Wilderman
300,Meier,Noen,mnoen8b@shareasale.com,Schuppe-Braun
301,Hervey,Elderton,helderton8c@elegantthemes.com,Breitenberg-Beier
302,Adriano,Blaszkiewicz,ablaszkiewicz8d@arizona.edu,"Reynolds, Runolfsdottir and Hahn"
303,Hestia,Cruces,hcruces8e@pen.io,"Jenkins, Boyle and Schneider"
304,Helaine,Zarfat,hzarfat8f@jimdo.com,Konopelski and Sons
305,Clea,Ortsmann,cortsmann8g@surveymonkey.com,Berge-Wunsch
306,Aylmer,Steet,asteet8h@zdnet.com,"Ferry, Gaylord and Cruickshank"
307,Linell,Whitehair,lwhitehair8i@adobe.com,Prohaska Group
308,Cal,Southerns,csoutherns8j@infoseek.co.jp,Parisian Group
309,Lannie,Sweatman,lsweatman8k@mit.edu,"Lueilwitz, Pfannerstill and Davis"
310,Constantine,Llewellin,cllewellin8l@e-recht24.de,Bailey Group
311,Giacinta,Scothorn,gscothorn8m@samsung.com,Conroy-Ward
312,Edgard,Lober,elober8n@wsj.com,Gleason Group
313,Leonard,Bellsham,lbellsham8o@ft.com,Cruickshank and Sons
314,Durward,Baldazzi,dbaldazzi8p@techcrunch.com,Langosh-Harber
315,Karilynn,Franzoli,kfranzoli8q@histats.com,"Kulas, Keeling and Denesik"
316,Shauna,Synke,ssynke8r@uol.com.br,Powlowski and Sons
317,Lexy,Curtayne,lcurtayne8s@slashdot.org,Pouros-Rau
318,Beitris,Langstrath,blangstrath8t@soundcloud.com,"Treutel, Corkery and Macejkovic"
319,Janna,Kyd,jkyd8u@parallels.com,Will Inc
320,Grazia,Southard,gsouthard8v@springer.com,Upton-Lehner
321,Wayland,Boys,wboys8w@so-net.ne.jp,"Rice, Prosacco and Blick"
322,Kimble,McIlwraith,kmcilwraith8x@wikipedia.org,Miller Inc
323,Rhoda,MacNess,rmacness8y@1688.com,Sipes and Sons
324,Ynes,MacQuist,ymacquist8z@senate.gov,Tremblay Group
325,Rickert,Lygoe,rlygoe90@mapquest.com,"Franecki, Hermiston and Nader"
326,Etty,Veysey,eveysey91@topsy.com,Wilderman-Jenkins
327,Mohandas,Tomanek,mtomanek92@hhs.gov,"Gerhold, Mann and Grant"
328,Roxanna,Murr,rmurr93@ucoz.com,"Stroman, Reichert and Skiles"
329,Nomi,Foden,nfoden94@hatena.ne.jp,Senger LLC
330,Stephi,McCrachen,smccrachen95@meetup.com,Littel-Lockman
331,Tamara,Trevaskis,ttrevaskis96@java.com,"Konopelski, Haag and Gerlach"
332,Dynah,Morrison,dmorrison97@harvard.edu,"Kilback, Lakin and Kunze"
333,Gerome,Megroff,gmegroff98@altervista.org,Reynolds and Sons
334,Mala,Seyffert,mseyffert99@elpais.com,Kemmer and Sons
335,Ronnie,Beretta,rberetta9a@si.edu,Wiegand Group
336,Anna,Crumby,acrumby9b@nature.com,Witting Inc
337,Nikolia,McAlinden,nmcalinden9c@google.ca,Corwin-Koelpin
338,Kristi,Morrow,kmorrow9d@indiegogo.com,"O'Connell, Bogan and Hilpert"
339,Rowe,Ricci,rricci9e@gizmodo.com,Carter Inc
340,Gerianna,Rewcastle,grewcastle9f@tinypic.com,Bahringer Inc
341,Lockwood,Sapsforde,lsapsforde9g@intel.com,Schuster-Hirthe
342,Jen,Grisdale,jgrisdale9h@webnode.com,Huel Inc
343,Selle,Oakes,soakes9i@amazon.com,Marquardt-Roberts
344,Loutitia,Skellern,lskellern9j@hostgator.com,"Steuber, Schiller and Kulas"
345,Dorry,Bellino,dbellino9k@netvibes.com,Parker Inc
346,Manon,Schrir,mschrir9l@studiopress.com,Koch LLC
347,Berne,Littrick,blittrick9m@virginia.edu,O'Hara and Sons
348,Elena,Dawdry,edawdry9n@weebly.com,Toy-Hickle
349,Normand,Pearman,npearman9o@ocn.ne.jp,Jaskolski-Zulauf
350,Ivar,Kopman,ikopman9p@tinypic.com,"Jacobs, Ratke and Miller"
351,Heidie,Gentzsch,hgentzsch9q@imgur.com,Feeney-Welch
352,Gladi,Palay,gpalay9r@infoseek.co.jp,Ferry-Barrows
353,Alvira,Delouch,adelouch9s@furl.net,Denesik-Rohan
354,Nickola,MacDonell,nmacdonell9t@mlb.com,Quitzon-Gutmann
355,Margette,Willers,mwillers9u@illinois.edu,Lubowitz-Raynor
356,Claiborne,Headingham,cheadingham9v@chronoengine.com,Hermiston-Altenwerth
357,Jojo,Blake,jblake9w@cbslocal.com,Dach-VonRueden
358,Melly,Willets,mwillets9x@bravesites.com,"Price, Medhurst and Bartoletti"
359,Ariel,O'Noland,aonoland9y@parallels.com,Wiegand-Considine
360,Marj,Maybery,mmaybery9z@paginegialle.it,"McKenzie, Morar and Buckridge"
361,Jackson,Rieme,jriemea0@msu.edu,"Schuster, Cassin and Hintz"
362,Urbain,Favill,ufavilla1@illinois.edu,Hirthe Inc
363,Lizabeth,Yerrell,lyerrella2@wikispaces.com,Hintz Group
364,Nicholle,Arnall,narnalla3@symantec.com,"O'Connell, O'Kon and Mertz"
365,Revkah,Rosenboim,rrosenboima4@drupal.org,Stamm-Kuhn
366,Jory,Grunwall,jgrunwalla5@microsoft.com,"Durgan, Durgan and Lubowitz"
367,Charin,Lawlee,clawleea6@newyorker.com,"Koch, Lubowitz and Brekke"
368,Maddy,Keightley,mkeightleya7@wikimedia.org,Treutel LLC
369,Guinevere,Smithson,gsmithsona8@imdb.com,"Bednar, Veum and Simonis"
370,Putnem,Camillo,pcamilloa9@cbc.ca,Hickle-Stark
371,Orel,Blissett,oblissettaa@infoseek.co.jp,"Dare, Witting and Hirthe"
372,Berenice,Wing,bwingab@parallels.com,Stoltenberg-Mayert
373,Morie,Drought,mdroughtac@mapy.cz,"Kub, Hickle and Bayer"
374,Karon,Binnion,kbinnionad@sciencedirect.com,"Dickens, Christiansen and Rau"
375,Xever,Gauld,xgauldae@squidoo.com,Ebert-Schulist
376,Damara,Hurcombe,dhurcombeaf@marriott.com,Padberg LLC
377,Lorinda,Fannon,lfannonag@spotify.com,Bernhard-Abshire
378,Lucio,Artingstall,lartingstallah@mozilla.org,Ward-Prosacco
379,Sile,Kemish,skemishai@jimdo.com,Fisher Inc
380,Davidde,Fawdrey,dfawdreyaj@netlog.com,"Schaefer, Kshlerin and Hauck"
381,Vinnie,Puddicombe,vpuddicombeak@youtu.be,Abbott-McCullough
382,Salomon,Pountney,spountneyal@discovery.com,"Leffler, Gerlach and Little"
383,Xenia,Kirkham,xkirkhamam@icq.com,Watsica-Blick
384,Liane,Yedall,lyedallan@nhs.uk,Collins Inc
385,Urbanus,Farncombe,ufarncombeao@washingtonpost.com,Beatty Inc
386,Page,Ambrosoni,pambrosoniap@walmart.com,Reinger LLC
387,Emilie,Shaw,eshawaq@i2i.jp,"Christiansen, Jenkins and Shanahan"
388,Roxane,Souter,rsouterar@wisc.edu,Kunze LLC
389,Gabe,Bugs,gbugsas@archive.org,Volkman-Medhurst
390,Desmund,Boat,dboatat@nps.gov,O'Keefe-Witting
391,Carlene,Filyushkin,cfilyushkinau@oakley.com,"Purdy, Kirlin and Huel"
392,Hasheem,Wanklyn,hwanklynav@desdev.cn,Stanton Group
393,Cos,Triswell,ctriswellaw@cbsnews.com,"Kuhic, Stanton and Buckridge"
394,Carlynne,Donne,cdonneax@jalbum.net,Nitzsche LLC
395,Neille,Muddimer,nmuddimeray@columbia.edu,Cummerata-Osinski
396,Darbee,Etheredge,detheredgeaz@pcworld.com,Mante-Jast
397,Francoise,Brehat,fbrehatb0@4shared.com,"Gusikowski, Wehner and Hodkiewicz"
398,Danya,Switzer,dswitzerb1@comcast.net,"Kessler, Jakubowski and Gulgowski"
399,Cal,Sturgeon,csturgeonb2@java.com,"Bogisich, Corwin and Gislason"
400,Renard,Tees,rteesb3@netvibes.com,"Pfeffer, Doyle and Lesch"
401,Petr,De Roos,pderoosb4@japanpost.jp,"Swaniawski, Gulgowski and Crist"
402,Caresse,Evins,cevinsb5@fema.gov,Altenwerth Group
403,Tyrone,MacAlroy,tmacalroyb6@cargocollective.com,Effertz Inc
404,Peta,Beddo,pbeddob7@icq.com,"Aufderhar, Lockman and Braun"
405,Colene,Zanussii,czanussiib8@businesswire.com,Osinski-Nienow
406,Way,Poston,wpostonb9@taobao.com,Pfeffer-Pollich
407,Gisele,Claypool,gclaypoolba@ucsd.edu,"Thiel, Bernier and Blick"
408,Dal,Kenson,dkensonbb@seesaa.net,"Graham, Parisian and Nikolaus"
409,Skipp,Udey,sudeybc@cisco.com,"Howell, Lubowitz and Cartwright"
410,Randie,Britten,rbrittenbd@ask.com,Kiehn-Hermiston
411,Annmarie,Doogue,adooguebe@photobucket.com,Ebert LLC
412,Boyd,Sighart,bsighartbf@livejournal.com,"Torp, Morar and Goyette"
413,Fonzie,Isac,fisacbg@ask.com,Beatty-Hahn
414,Lydon,Dallan,ldallanbh@posterous.com,Mosciski Inc
415,Frederik,Farish,ffarishbi@oaic.gov.au,Sanford-Schuster
416,Sonia,Sherel,ssherelbj@ask.com,Dickinson-Roob
417,Hazel,Broker,hbrokerbk@dion.ne.jp,"Funk, Waelchi and Baumbach"
418,Krystal,Brisland,kbrislandbl@miitbeian.gov.cn,"Jaskolski, Schaefer and Boehm"
419,Barbee,Matas,bmatasbm@ucla.edu,"Abshire, Zboncak and Zieme"
420,Dusty,McLennan,dmclennanbn@spiegel.de,Willms LLC
421,Valli,Osburn,vosburnbo@omniture.com,"Lindgren, Zulauf and Bins"
422,Benjamin,Nurny,bnurnybp@elegantthemes.com,"Hayes, D'Amore and Little"
423,Pip,Bernadzki,pbernadzkibq@deliciousdays.com,Schuster-Bode
424,Grissel,Considine,gconsidinebr@blogger.com,Lockman and Sons
425,Frederico,Slade,fsladebs@github.com,Hackett LLC
426,Hillel,Toderini,htoderinibt@netvibes.com,Lowe Inc
427,Anni,Casemore,acasemorebu@squidoo.com,"Romaguera, Hegmann and Balistreri"
428,Morly,Stanworth,mstanworthbv@pbs.org,"Streich, Turcotte and Medhurst"
429,Giacinta,Fronsek,gfronsekbw@ning.com,Gorczany Inc
430,Adina,Champion,achampionbx@fastcompany.com,Torphy-Barrows
431,Lucio,Quidenham,lquidenhamby@goo.ne.jp,"Marks, Monahan and Effertz"
432,Fletcher,Heimann,fheimannbz@pbs.org,Streich LLC
433,Obediah,Von Welldun,ovonwelldunc0@ovh.net,Hand LLC
434,Dorey,Andreopolos,dandreopolosc1@vimeo.com,"Sanford, Murazik and Mraz"
435,Tedi,Jirousek,tjirousekc2@cyberchimps.com,"Armstrong, Ortiz and Konopelski"
436,Tarrah,Eldrid,teldridc3@foxnews.com,Keebler-Blanda
437,Evania,Medland,emedlandc4@tmall.com,Schroeder Inc
438,Kenny,Kwiek,kkwiekc5@ocn.ne.jp,Von Inc
439,Inness,MacArthur,imacarthurc6@networkadvertising.org,Turcotte Group
440,Ruprecht,Sessions,rsessionsc7@stumbleupon.com,"Harber, Bartell and Fritsch"
441,Dulce,Towersey,dtowerseyc8@geocities.com,"Emard, Bosco and Keebler"
442,Guido,Driver,gdriverc9@youku.com,"Abshire, Legros and Stamm"
443,Kailey,Fellman,kfellmanca@yale.edu,Kovacek-Trantow
444,Stacee,Nolleau,snolleaucb@washingtonpost.com,"Kuhn, Cormier and Batz"
445,Johnette,Cromett,jcromettcc@wikispaces.com,"Rippin, Fahey and Witting"
446,Kyrstin,Light,klightcd@diigo.com,McLaughlin Group
447,Mead,Pietrasik,mpietrasikce@mail.ru,"Lowe, Schumm and Kub"
448,Borden,McBeith,bmcbeithcf@mail.ru,Mohr LLC
449,Wang,Bockings,wbockingscg@accuweather.com,Larkin LLC
450,Jody,Hatherleigh,jhatherleighch@google.co.uk,Tromp-Aufderhar
451,Marianne,Hinrich,mhinrichci@icq.com,"Carroll, Durgan and Trantow"
452,Gilberto,Gunstone,ggunstonecj@github.com,Farrell-Hettinger
453,Ollie,Bockin,obockinck@mapquest.com,Williamson Inc
454,Giulia,Alty,galtycl@mlb.com,Murazik Inc
455,Michal,Koop,mkoopcm@ask.com,Cummings and Sons
456,Easter,Quiddinton,equiddintoncn@facebook.com,Corwin LLC
457,Spenser,Leythley,sleythleyco@liveinternet.ru,Effertz and Sons
458,Cordula,Leile,cleilecp@tuttocitta.it,Bednar Group
459,Marji,McNair,mmcnaircq@tuttocitta.it,Hilll-Jerde
460,Preston,Safhill,psafhillcr@icq.com,"Ryan, Leuschke and Tromp"
461,Seymour,Hanham,shanhamcs@comcast.net,Miller LLC
462,Clive,Pamphilon,cpamphilonct@miibeian.gov.cn,Collins-Will
463,Rubie,Phillips,rphillipscu@imgur.com,Hoeger-Heathcote
464,Nata,Burdge,nburdgecv@cargocollective.com,"Torphy, Labadie and Volkman"
465,Mandel,Ganley,mganleycw@a8.net,Kshlerin-Stiedemann
466,Bridie,Steffan,bsteffancx@bizjournals.com,Barton-Gottlieb
467,Alisha,Titta,atittacy@nifty.com,"Wuckert, Johnson and Towne"
468,Kitty,Troyes,ktroyescz@statcounter.com,Schuster Inc
469,Tracy,McAlinden,tmcalindend0@yolasite.com,Hickle-Sawayn
470,Vick,Snelling,vsnellingd1@bandcamp.com,"Satterfield, Gerhold and Cassin"
471,Errol,Sprigging,espriggingd2@yahoo.co.jp,Altenwerth-Kemmer
472,Clarabelle,Jerok,cjerokd3@vimeo.com,"Oberbrunner, Kilback and Reynolds"
473,Bessie,Reddy,breddyd4@irs.gov,Johnson-Rohan
474,Lucienne,Filchagin,lfilchagind5@squidoo.com,Bogan-Gleichner
475,Lucas,Bolley,lbolleyd6@drupal.org,Rice-Huels
476,Timi,Lindfors,tlindforsd7@bloomberg.com,Fritsch-Crona
477,Killie,Weed,kweedd8@census.gov,Aufderhar-Sipes
478,Salvatore,Adshede,sadsheded9@booking.com,Reynolds-Harris
479,Sela,Alchin,salchinda@abc.net.au,Pacocha Inc
480,Damita,Lathleiffure,dlathleiffuredb@so-net.ne.jp,Dibbert LLC
481,Tadd,Carlin,tcarlindc@ezinearticles.com,"Harvey, Stanton and Grant"
482,Michael,Delepine,mdelepinedd@engadget.com,Wiza-Abernathy
483,Ab,Goldin,agoldinde@bandcamp.com,Hammes-Bailey
484,Randa,Grishanov,rgrishanovdf@merriam-webster.com,Kuhn-Haag
485,Rebekkah,De Miranda,rdemirandadg@webeden.co.uk,Schmidt-Gulgowski
486,Ferdinanda,Proffitt,fproffittdh@devhub.com,Schuppe Inc
487,Ramonda,Crickmoor,rcrickmoordi@51.la,"Borer, Oberbrunner and Dicki"
488,Jannelle,Grimes,jgrimesdj@chron.com,Green-Mohr
489,Elli,Rawlingson,erawlingsondk@1688.com,Gerhold LLC
490,Bobbye,Macauley,bmacauleydl@wikispaces.com,"Rath, Lockman and Altenwerth"
491,Gilemette,Pigeon,gpigeondm@lycos.com,Wolf-Volkman
492,Lauraine,Gotthard.sf,lgotthardsfdn@ebay.com,Ondricka LLC
493,Skipp,Stonhewer,sstonhewerdo@chicagotribune.com,Bashirian LLC
494,Tiffani,Ray,traydp@reddit.com,Gleichner LLC
495,Tamarah,Ropartz,tropartzdq@cnet.com,"Kuvalis, Rodriguez and Emmerich"
496,Annabal,Fosserd,afosserddr@bizjournals.com,"Bogan, Conroy and Boehm"
497,Arabela,Georgelin,ageorgelinds@sun.com,Kub-Dickinson
498,Willetta,Bansal,wbansaldt@indiegogo.com,Daugherty-Hane
499,Renard,Capozzi,rcapozzidu@studiopress.com,Keebler-Abbott
500,Fancie,Sailor,fsailordv@lulu.com,Prosacco and Sons
501,Page,Heller,phellerdw@smh.com.au,Pfeffer-Fisher
502,Kiley,Leile,kleiledx@goo.gl,Koss-Bradtke
503,Audie,Surfleet,asurfleetdy@smh.com.au,Davis-Kuhic
504,Erika,Easby,eeasbydz@blog.com,Koss and Sons
505,Steffen,Alliston,sallistone0@intel.com,Schultz-Daugherty
506,Casandra,Phlippsen,cphlippsene1@desdev.cn,Kozey Group
507,Nobie,Meininger,nmeiningere2@addtoany.com,"Osinski, Keeling and Johnston"
508,Renate,Lampard,rlamparde3@earthlink.net,"Flatley, Muller and Hyatt"
509,Meyer,Yansons,myansonse4@canalblog.com,Nikolaus and Sons
510,Jerry,Scamel,jscamele5@zimbio.com,Tillman-Wolf
511,Ingrid,Askew,iaskewe6@ed.gov,Kuvalis-Christiansen
512,Garret,Dibbert,gdibberte7@nymag.com,Kris-Toy
513,Baillie,Scrinage,bscrinagee8@wsj.com,"Jenkins, Schaden and Gaylord"
514,Adoree,Chetter,achettere9@utexas.edu,Weimann Inc
515,Obadias,Ferminger,ofermingerea@csmonitor.com,"Jacobs, Hintz and Runolfsdottir"
516,Daryl,Minchinton,dminchintoneb@wikia.com,"Legros, Reilly and Borer"
517,Doralin,Beek,dbeekec@google.fr,Bins-White
518,Lorena,Pisculli,lpiscullied@canalblog.com,Olson-Adams
519,Neel,Morales,nmoralesee@spiegel.de,Effertz-Hackett
520,Gwenora,Grangier,ggrangieref@mediafire.com,Krajcik-Kuhic
521,Lynea,Nattrass,lnattrasseg@admin.ch,"Langworth, Herzog and Heller"
522,Jena,Kief,jkiefeh@istockphoto.com,Koch-Kub
523,Bride,Matyas,bmatyasei@bluehost.com,Gislason LLC
524,Melantha,Forsdike,mforsdikeej@techcrunch.com,"Kunde, Nikolaus and Keebler"
525,Yurik,Mayow,ymayowek@slideshare.net,Anderson LLC
526,Dorelle,Rolling,drollingel@netlog.com,"Mueller, Kulas and Langosh"
527,Thorny,Prickett,tprickettem@so-net.ne.jp,Keeling-Harvey
528,Sacha,Kidds,skiddsen@fastcompany.com,Breitenberg-Kuphal
529,Dew,Motton,dmottoneo@github.io,"Casper, Kessler and Streich"
530,Inna,Epple,ieppleep@indiegogo.com,Keeling LLC
531,Rog,Turbefield,rturbefieldeq@blogs.com,"Cremin, Rolfson and Schaden"
532,Marnia,McGavigan,mmcgaviganer@dedecms.com,"Jast, McClure and Green"
533,Clywd,Blacker,cblackeres@geocities.com,Kulas-Wyman
534,Oliviero,Benech,obenechet@alibaba.com,Beier and Sons
535,Casar,McCahill,cmccahilleu@blogspot.com,Lockman-Kilback
536,Meridith,Dulwich,mdulwichev@umn.edu,Anderson Inc
537,Gar,Gaynsford,ggaynsfordew@uiuc.edu,Pagac-Wunsch
538,Karalynn,Poltun,kpoltunex@cbsnews.com,"Brown, Osinski and Simonis"
539,Minna,Applewhaite,mapplewhaiteey@usa.gov,Hackett-Jerde
540,Estell,Venditto,evendittoez@sbwire.com,"Mayert, Daniel and Shanahan"
541,Kurtis,Vamplew,kvamplewf0@fastcompany.com,Stoltenberg-Wisozk
542,Piper,McRannell,pmcrannellf1@privacy.gov.au,Hand-Hegmann
543,Frederica,Calver,fcalverf2@princeton.edu,"Hayes, Jacobs and Keeling"
544,Kathryne,Jochens,kjochensf3@patch.com,Fisher-Breitenberg
545,Janela,Baskeyfield,jbaskeyfieldf4@canalblog.com,Goodwin-Hegmann
546,Arlina,Ingray,aingrayf5@stanford.edu,Gulgowski Inc
547,Letty,Viccary,lviccaryf6@friendfeed.com,Hoppe Inc
548,Eudora,Simeons,esimeonsf7@thetimes.co.uk,Huel Group
549,Trevor,Wannan,twannanf8@soundcloud.com,Hermiston-Moen
550,Poul,Craythorn,pcraythornf9@java.com,Wuckert Inc
551,Jolie,Peascod,jpeascodfa@ucla.edu,Gutmann LLC
552,Wilt,Boultwood,wboultwoodfb@so-net.ne.jp,Kuhn LLC
553,Loretta,Elphee,lelpheefc@msu.edu,Huel-Batz
554,Kerrin,Spoole,kspoolefd@cnbc.com,Borer-Kautzer
555,Cindelyn,Solano,csolanofe@state.tx.us,Bednar Group
556,Maud,Warlawe,mwarlaweff@marriott.com,Cruickshank-Doyle
557,Alanna,Challen,achallenfg@geocities.com,Quitzon Inc
558,Liz,Szabo,lszabofh@blog.com,"Senger, Schowalter and Hartmann"
559,Elga,Devenish,edevenishfi@merriam-webster.com,Heathcote-Johnston
560,Nehemiah,Escale,nescalefj@liveinternet.ru,Thompson Inc
561,Ingrim,Jerwood,ijerwoodfk@skyrock.com,"Crist, Dickens and Graham"
562,Balduin,McCurt,bmccurtfl@bloglovin.com,"Monahan, Friesen and Hickle"
563,Dulciana,Yateman,dyatemanfm@lulu.com,"Wehner, Zulauf and Weissnat"
564,Theobald,Minichillo,tminichillofn@ed.gov,"Walter, Bergnaum and Flatley"
565,Athena,Dymidowicz,adymidowiczfo@state.gov,"Powlowski, Lang and Conn"
566,Vasili,Ridgers,vridgersfp@google.it,"Jacobi, Sanford and Lesch"
567,Hersch,MacFadin,hmacfadinfq@yahoo.co.jp,"Haag, Hilll and Howell"
568,Mela,Wankling,mwanklingfr@4shared.com,Denesik Group
569,Cordell,Robinette,crobinettefs@blogspot.com,Bahringer LLC
570,Bendix,McDuff,bmcduffft@engadget.com,Abbott Inc
571,Kristen,Strooband,kstroobandfu@admin.ch,Stracke LLC
572,Gerri,Gilling,ggillingfv@sogou.com,"Barton, Crist and Ortiz"
573,Orion,Cove,ocovefw@livejournal.com,"Rippin, Howe and Kunde"
574,Willi,Chaim,wchaimfx@sphinn.com,Sawayn Inc
575,Myron,Foskett,mfoskettfy@facebook.com,Satterfield-Hilpert
576,Garfield,Seifenmacher,gseifenmacherfz@elpais.com,DuBuque LLC
577,Klemens,Doberer,kdobererg0@merriam-webster.com,"Brekke, Mueller and Corkery"
578,Conn,Ruzek,cruzekg1@about.com,Erdman-Halvorson
579,Marge,Martinello,mmartinellog2@fc2.com,Hermann Inc
580,Artus,Klais,aklaisg3@hhs.gov,Flatley-Kuhn
581,Jillayne,Osgardby,josgardbyg4@discovery.com,Simonis Inc
582,Buddy,Siely,bsielyg5@mozilla.org,"Oberbrunner, Jacobson and Abernathy"
583,Jeanette,Willmer,jwillmerg6@accuweather.com,Schuppe Group
584,Tann,Espin,tesping7@studiopress.com,"Cronin, Borer and Schuppe"
585,Hilliary,Misselbrook,hmisselbrookg8@ebay.co.uk,"Howell, Keebler and Heller"
586,Gerrilee,Bernardotte,gbernardotteg9@t-online.de,Lueilwitz Group
587,Hanan,Merricks,hmerricksga@sina.com.cn,"Nikolaus, Von and MacGyver"
588,Ignacio,Kidstoun,ikidstoungb@angelfire.com,Hilll Inc
589,Florina,Dowbekin,fdowbekingc@flavors.me,Jaskolski-Gleichner
590,Mason,Yurmanovev,myurmanovevgd@yellowbook.com,"Denesik, Herman and Ryan"
591,Angela,O'Lagene,aolagenege@mail.ru,Ward Inc
592,Denys,Quainton,dquaintongf@columbia.edu,Hills-Crona
593,Horton,Bril,hbrilgg@fema.gov,Blick-Schowalter
594,Hermione,Ganiford,hganifordgh@upenn.edu,"Kiehn, Douglas and Mayer"
595,Tomkin,Rasmus,trasmusgi@shop-pro.jp,Will-Abernathy
596,Cleon,McKenney,cmckenneygj@usa.gov,"Ferry, O'Reilly and Altenwerth"
597,Shay,Lamplugh,slamplughgk@t.co,"Walter, Langosh and Balistreri"
598,Jazmin,Batte,jbattegl@imdb.com,Hermiston-Kuvalis
599,Gisela,Leate,gleategm@whitehouse.gov,Durgan LLC
600,Web,Massard,wmassardgn@arstechnica.com,Schamberger Inc
601,Orton,Klazenga,oklazengago@senate.gov,"Koss, Reynolds and Durgan"
602,Kevyn,Powdrill,kpowdrillgp@t.co,"Ankunding, Walter and Jacobi"
603,Kennith,Mussalli,kmussalligq@cbslocal.com,Abshire-Effertz
604,Lionel,Caveau,lcaveaugr@army.mil,"Zboncak, Hane and Schulist"
605,Fianna,Pessolt,fpessoltgs@blinklist.com,Jacobi-Greenfelder
606,Brock,Corzon,bcorzongt@about.com,Cronin-Brakus
607,Katrine,Falconer,kfalconergu@unicef.org,"Macejkovic, Upton and Dooley"
608,Isidro,Charle,icharlegv@ustream.tv,"Carter, Kutch and Hartmann"
609,Karmen,Iacomi,kiacomigw@constantcontact.com,Flatley-Terry
610,Svend,Tomsett,stomsettgx@deliciousdays.com,Herman Inc
611,Ferdinanda,Beatson,fbeatsongy@irs.gov,Hamill and Sons
612,Yehudi,Pirolini,ypirolinigz@foxnews.com,Ruecker-Kilback
613,Lyndsie,Groveham,lgrovehamh0@miitbeian.gov.cn,"Hilpert, MacGyver and Metz"
614,Rafaellle,Dinkin,rdinkinh1@ustream.tv,Steuber-Homenick
615,Joan,Cornewell,jcornewellh2@samsung.com,Bogan-Cassin
616,Cathi,Poundsford,cpoundsfordh3@ehow.com,"Barrows, Collier and Lueilwitz"
617,Wynne,Pretorius,wpretoriush4@symantec.com,Kshlerin-Buckridge
618,Ezra,Chieze,echiezeh5@free.fr,Morar Group
619,Bethina,Fawthorpe,bfawthorpeh6@fc2.com,Kirlin and Sons
620,Georgie,Grishukhin,ggrishukhinh7@smh.com.au,"Hagenes, Kulas and Russel"
621,Davidson,Dulinty,ddulintyh8@nasa.gov,Schaden and Sons
622,Pammi,Mazdon,pmazdonh9@nytimes.com,Rippin Inc
623,Harley,Cornwall,hcornwallha@amazonaws.com,"Connelly, Pfeffer and Pfeffer"
624,Cale,Ivanyukov,civanyukovhb@51.la,"Hilll, Ziemann and Wolf"
625,Goldia,Domotor,gdomotorhc@bloglovin.com,"Waters, Ward and Hoppe"
626,Dianne,McGillreich,dmcgillreichhd@rakuten.co.jp,Bauch Inc
627,Erminia,Deer,edeerhe@usa.gov,Dach-McGlynn
628,Gustie,Dannel,gdannelhf@wikimedia.org,Pouros Group
629,Pammi,Klossek,pklossekhg@php.net,"Bartell, Orn and Raynor"
630,Bondy,D'Ambrosio,bdambrosiohh@nba.com,Casper Inc
631,Jeralee,Rymer,jrymerhi@cbc.ca,Dietrich and Sons
632,Wadsworth,Hollyar,whollyarhj@g.co,Franecki LLC
633,Ross,McAlarney,rmcalarneyhk@bluehost.com,"Nader, Bednar and Huels"
634,Arlina,Choppin,achoppinhl@blogs.com,"Bruen, Gusikowski and Schroeder"
635,Lissy,Grzelczyk,lgrzelczykhm@bbc.co.uk,Fahey Inc
636,Jermaine,Frankling,jfranklinghn@canalblog.com,"Bruen, Gislason and Feest"
637,Hartwell,Gonet,hgonetho@fc2.com,Upton Group
638,Felicio,Guilder,fguilderhp@nature.com,"Miller, Schimmel and Mills"
639,Dasie,Utton,duttonhq@techcrunch.com,Hahn LLC
640,Cobbie,Rustadge,crustadgehr@tumblr.com,Schultz-Emmerich
641,Bella,Tredwell,btredwellhs@rediff.com,Anderson-Hagenes
642,Vale,Palfery,vpalferyht@infoseek.co.jp,"Spencer, Wisoky and Nicolas"
643,Oliver,Margaritelli,omargaritellihu@state.gov,Morar-Ullrich
644,Dinny,Seery,dseeryhv@irs.gov,Abshire-Ortiz
645,Peg,Newdick,pnewdickhw@naver.com,Leannon-Wiegand
646,Amitie,Seville,asevillehx@list-manage.com,"Spencer, Brakus and Russel"
647,Andie,Sidgwick,asidgwickhy@facebook.com,Conn-Brekke
648,Alaric,Petris,apetrishz@archive.org,"Armstrong, Padberg and Abshire"
649,Zolly,Gowrich,zgowrichi0@washington.edu,Fay LLC
650,Courtney,Farington,cfaringtoni1@acquirethisname.com,Herzog-Leffler
651,Althea,Andrewartha,aandrewarthai2@bloomberg.com,Heathcote Inc
652,Leonard,Lefever,llefeveri3@hibu.com,Collier-Ullrich
653,Mal,Quadrio,mquadrioi4@a8.net,Huel and Sons
654,Caryn,Boig,cboigi5@mit.edu,"Goyette, Stark and Botsford"
655,Byron,Briddle,bbriddlei6@berkeley.edu,Dickinson-Larkin
656,Brina,Shakelady,bshakeladyi7@techcrunch.com,Purdy-Stiedemann
657,Marvin,Heintzsch,mheintzschi8@yandex.ru,Orn Group
658,Gregg,Gierhard,ggierhardi9@cafepress.com,Armstrong-Gleichner
659,Forrester,Balf,fbalfia@china.com.cn,Nicolas and Sons
660,Juliana,Jacquemy,jjacquemyib@studiopress.com,Ledner Group
661,Barron,Cushe,bcusheic@nytimes.com,"Price, Borer and Dickinson"
662,Krista,Foster-Smith,kfostersmithid@dell.com,Leannon and Sons
663,Jacquelin,Vettore,jvettoreie@mysql.com,Powlowski and Sons
664,Francklin,Salkild,fsalkildif@unicef.org,Reilly LLC
665,Corney,Moulding,cmouldingig@feedburner.com,"Jacobi, Ritchie and Reichert"
666,Didi,Ashburne,dashburneih@phpbb.com,Pacocha-O'Kon
667,Bobine,Brounsell,bbrounsellii@shop-pro.jp,"Kovacek, Schiller and Bahringer"
668,Tabby,Martyns,tmartynsij@4shared.com,"Mayer, Rice and Lockman"
669,Zedekiah,Duckels,zduckelsik@unicef.org,Spinka-O'Connell
670,Keeley,Doumenc,kdoumencil@upenn.edu,"Luettgen, Davis and Dooley"
671,Jonathan,Sillars,jsillarsim@trellian.com,Vandervort-Green
672,Jasper,Brockhurst,jbrockhurstin@yale.edu,Goodwin Inc
673,Olva,McManus,omcmanusio@slideshare.net,Herman-Pacocha
674,Ernesto,Peterffy,epeterffyip@vimeo.com,Jakubowski Group
675,Say,Straughan,sstraughaniq@yelp.com,Stark LLC
676,Leif,Swinfen,lswinfenir@answers.com,Oberbrunner-Towne
677,Althea,Gorry,agorryis@ycombinator.com,Morar Inc
678,Aaron,Coger,acogerit@google.nl,Nolan LLC
679,Dalila,Carlaw,dcarlawiu@youtube.com,Kub-Blick
680,Meredeth,Bulfoy,mbulfoyiv@mapy.cz,"Breitenberg, Romaguera and Collier"
681,Evangeline,Virgo,evirgoiw@earthlink.net,Feil Inc
682,Bink,Frizzell,bfrizzellix@bing.com,Torphy-Kris
683,Corinne,Vogele,cvogeleiy@dmoz.org,Hagenes Group
684,Gill,Naseby,gnasebyiz@networkadvertising.org,Fisher-Rice
685,Moses,Squibbes,msquibbesj0@biglobe.ne.jp,Schaden and Sons
686,Tedi,Pepi,tpepij1@netvibes.com,"Cormier, Rutherford and Bechtelar"
687,Val,Ramsden,vramsdenj2@woothemes.com,Parker-Bailey
688,Fara,Sustin,fsustinj3@bluehost.com,Corkery and Sons
689,Bone,Keddie,bkeddiej4@usatoday.com,"Thompson, Lebsack and Feeney"
690,Netty,Luttger,nluttgerj5@nifty.com,Jacobs-Armstrong
691,Nan,Redfield,nredfieldj6@google.it,Brakus and Sons
692,Renae,Easom,reasomj7@ox.ac.uk,Conn LLC
693,Elonore,Parradye,eparradyej8@sohu.com,Volkman and Sons
694,Brander,Amyes,bamyesj9@homestead.com,"Schowalter, Douglas and Huels"
695,Margalit,Beiderbeck,mbeiderbeckja@constantcontact.com,Huel-Roob
696,Floyd,Von Helmholtz,fvonhelmholtzjb@hugedomains.com,Maggio-Gerlach
697,Merell,Fraanchyonok,mfraanchyonokjc@tiny.cc,Harvey LLC
698,Gardener,Foister,gfoisterjd@scientificamerican.com,Brakus and Sons
699,Rosaline,Hussy,rhussyje@nature.com,Funk-Gulgowski
700,Dionis,Heistermann,dheistermannjf@eepurl.com,Mitchell-Howe
701,Hort,Baldelli,hbaldellijg@cocolog-nifty.com,Botsford and Sons
702,Dyann,Juschke,djuschkejh@shutterfly.com,Kuphal-Berge
703,Gaultiero,Eppson,geppsonji@hostgator.com,"Haley, Huels and Collins"
704,Desirae,Mannin,dmanninjj@cnbc.com,Wilderman-Bins
705,Paddie,Tomadoni,ptomadonijk@msu.edu,Effertz Inc
706,Waite,Burhill,wburhilljl@toplist.cz,Leffler-Skiles
707,Algernon,Mingay,amingayjm@icio.us,"Price, Corwin and Sipes"
708,Gwenore,Lawley,glawleyjn@hao123.com,Rau-Wolf
709,Keane,Heales,khealesjo@xing.com,Bernhard-Langosh
710,Roderic,Rabbitts,rrabbittsjp@businesswire.com,Torphy and Sons
711,Alene,Duthie,aduthiejq@bizjournals.com,Hammes and Sons
712,Nigel,Cheer,ncheerjr@dot.gov,Conroy-Parisian
713,Duane,Ciccoloi,dciccoloijs@eepurl.com,"Stamm, Ullrich and Kemmer"
714,Noemi,Coiley,ncoileyjt@about.me,Kris Group
715,Van,Sissens,vsissensju@blinklist.com,"Denesik, Reichert and Murphy"
716,Lennie,Ruffles,lrufflesjv@wikispaces.com,Wilkinson-Ward
717,Codi,Wanek,cwanekjw@gravatar.com,"O'Reilly, Walker and Schuster"
718,Mozelle,Count,mcountjx@sitemeter.com,"Casper, Gulgowski and Prohaska"
719,Chick,Moxted,cmoxtedjy@stumbleupon.com,Dach Inc
720,Abbie,Dilgarno,adilgarnojz@mozilla.org,Sanford-Murphy
721,Misha,Huzzey,mhuzzeyk0@theguardian.com,Miller-Jast
722,Sophie,Gittings,sgittingsk1@wordpress.org,Gaylord LLC
723,Nels,Foch,nfochk2@europa.eu,Kirlin LLC
724,Sukey,Blasik,sblasikk3@sina.com.cn,Mante-Johns
725,Sarajane,Bodle,sbodlek4@cam.ac.uk,"Armstrong, Becker and Tremblay"
726,Lorelei,Paull,lpaullk5@networkadvertising.org,Ziemann-Rohan
727,Leanor,Wiz,lwizk6@scientificamerican.com,"Ritchie, Hartmann and Schmitt"
728,Darsey,Beaument,dbeaumentk7@nps.gov,"Altenwerth, McCullough and Johns"
729,Cicily,Sexty,csextyk8@tumblr.com,Jones-Marvin
730,Jean,Dougliss,jdouglissk9@plala.or.jp,Pfannerstill Group
731,Mozes,Arrington,marringtonka@abc.net.au,"Shanahan, Strosin and Mann"
732,Dagny,Ridel,dridelkb@dell.com,"Hand, Leffler and Robel"
733,Gasper,Gossage,ggossagekc@cargocollective.com,"D'Amore, Ernser and Skiles"
734,Debor,Calderhead,dcalderheadkd@forbes.com,Kunde Group
735,Tait,Sucre,tsucreke@dailymail.co.uk,Gulgowski LLC
736,Angelique,Angove,aangovekf@bloglovin.com,"Rohan, Mraz and Schultz"
737,Gearalt,Baxstair,gbaxstairkg@live.com,Sporer-Durgan
738,Anne,Parren,aparrenkh@addtoany.com,Braun LLC
739,Chadd,Stanaway,cstanawayki@woothemes.com,Medhurst-Kautzer
740,Elbert,Ehrat,eehratkj@google.ru,"Pfeffer, Kozey and Grady"
741,Shaylynn,Battle,sbattlekk@mozilla.com,"Hilll, Kirlin and Zieme"
742,Lucias,Sellner,lsellnerkl@instagram.com,"Wyman, Greenholt and Wolf"
743,Claudina,Baldick,cbaldickkm@discuz.net,Weissnat-Quigley
744,Ibbie,Pinnington,ipinningtonkn@github.io,"Hessel, Wehner and Davis"
745,Doug,Kryszka,dkryszkako@sitemeter.com,"Waelchi, Kshlerin and Connelly"
746,Kali,Cauthra,kcauthrakp@techcrunch.com,Lynch LLC
747,Boyd,Elkins,belkinskq@furl.net,"Frami, Bailey and Veum"
748,Deina,Cardnell,dcardnellkr@va.gov,"Heaney, Fadel and Treutel"
749,Shirlene,Lowrance,slowranceks@salon.com,Watsica LLC
750,Travus,Ribbon,tribbonkt@yale.edu,Feeney-Wiegand
751,Jacquelin,Bowle,jbowleku@ftc.gov,"Schuster, Walker and Nienow"
752,Loralee,Abilowitz,labilowitzkv@sakura.ne.jp,"Kihn, Carter and Dickinson"
753,Cirilo,Mussalli,cmussallikw@aol.com,Yost-Greenholt
754,Benjie,Rann,brannkx@squidoo.com,Williamson-Reinger
755,Sascha,Summerell,ssummerellky@studiopress.com,Runolfsdottir-Lockman
756,Linnell,Rycroft,lrycroftkz@bbc.co.uk,Leannon-Schroeder
757,Kathleen,Craske,kcraskel0@paypal.com,Thiel and Sons
758,Dennis,Houliston,dhoulistonl1@ucsd.edu,Koelpin-Powlowski
759,Hilly,Dowdeswell,hdowdeswelll2@google.pl,Dibbert and Sons
760,Gilly,Bendare,gbendarel3@about.com,Maggio-Robel
761,Dinny,Domke,ddomkel4@prnewswire.com,"Mohr, Jones and Harris"
762,Tabbie,McCuaig,tmccuaigl5@thetimes.co.uk,Johnston LLC
763,Ellary,Cobley,ecobleyl6@pbs.org,Russel LLC
764,Barney,Hatrey,bhatreyl7@gmpg.org,Kling-Little
765,Mackenzie,Baugham,mbaughaml8@sina.com.cn,Little-Crooks
766,Garwin,de Glanville,gdeglanvillel9@people.com.cn,Nolan-Brown
767,Genni,Tallyn,gtallynla@taobao.com,Champlin-Heidenreich
768,Karole,Paulig,kpauliglb@shareasale.com,"Mohr, Powlowski and Marks"
769,Rudolfo,Giacobillo,rgiacobillolc@yandex.ru,Monahan LLC
770,Gerhard,Poter,gpoterld@washington.edu,"Predovic, Buckridge and Runolfsson"
771,Robin,Eddisforth,reddisforthle@skyrock.com,"Miller, Hessel and Runolfsdottir"
772,Lenka,McKintosh,lmckintoshlf@google.cn,"Medhurst, Hartmann and Witting"
773,Arlette,Paraman,aparamanlg@liveinternet.ru,"Daugherty, Schroeder and Heaney"
774,Sissie,O'Kennedy,sokennedylh@symantec.com,"Rempel, Hane and Collier"
775,Tiffany,Kirstein,tkirsteinli@networkadvertising.org,"Senger, Beier and Cormier"
776,Adorne,Letcher,aletcherlj@chron.com,"Bailey, Hoppe and Trantow"
777,Rudolfo,Enrietto,renriettolk@vinaora.com,Bernhard-Jacobi
778,Ashby,Edds,aeddsll@123-reg.co.uk,Schinner and Sons
779,Tripp,Newlyn,tnewlynlm@cnet.com,Heidenreich LLC
780,Janelle,Mix,jmixln@marriott.com,Haley-Friesen
781,Peg,Ofer,poferlo@bigcartel.com,"Legros, Windler and Watsica"
782,Pace,McKennan,pmckennanlp@nbcnews.com,Kozey and Sons
783,Ricca,Tollemache,rtollemachelq@zimbio.com,"Anderson, Rodriguez and Gibson"
784,Adaline,De'Ath,adeathlr@unblog.fr,Jakubowski and Sons
785,Jourdain,Vernalls,jvernallsls@yahoo.co.jp,Larson LLC
786,Josey,McGarahan,jmcgarahanlt@uiuc.edu,Baumbach LLC
787,Elsey,Souch,esouchlu@blogtalkradio.com,Batz and Sons
788,Lalo,Arnli,larnlilv@goo.gl,Krajcik-Kuhic
789,Lisa,Farrears,lfarrearslw@comsenz.com,Bartell-Koch
790,Julieta,Wickham,jwickhamlx@usatoday.com,Kozey Inc
791,Shannah,Robelet,srobeletly@google.es,"Dickens, Senger and Gibson"
792,Daren,Coumbe,dcoumbelz@businessweek.com,Nienow-Olson
793,Prudence,Orritt,porrittm0@stanford.edu,"Ledner, Bartoletti and Smith"
794,Archie,Hallows,ahallowsm1@alibaba.com,Schimmel-Reilly
795,Pepito,Pignon,ppignonm2@berkeley.edu,Howell-Parisian
796,Adelind,Sheraton,asheratonm3@simplemachines.org,VonRueden LLC
797,Danny,Afonso,dafonsom4@ning.com,Kutch and Sons
798,Phebe,Tuffey,ptuffeym5@delicious.com,Bayer-Kreiger
799,Harriot,Feeny,hfeenym6@senate.gov,"Carter, Parker and Streich"
800,Brendis,Kenchington,bkenchingtonm7@icio.us,McCullough-Bayer
801,Cherianne,Udell,cudellm8@cocolog-nifty.com,Wyman Inc
802,Alexi,Dimmne,adimmnem9@indiegogo.com,Gulgowski Group
803,Schuyler,Hucker,shuckerma@wsj.com,"Schneider, Welch and Heidenreich"
804,Gavin,Catt,gcattmb@state.gov,Quitzon Inc
805,Gordy,Eastbury,geastburymc@amazon.com,"Predovic, Ebert and Casper"
806,Mauricio,Gawen,mgawenmd@usnews.com,"Windler, Runolfsson and Heller"
807,Rubi,Coombs,rcoombsme@thetimes.co.uk,Marquardt Inc
808,Guy,Oret,goretmf@github.io,"Satterfield, Stracke and Nicolas"
809,Dacey,Newburn,dnewburnmg@dailymail.co.uk,Langworth-Wuckert
810,Tabbie,Tiebe,ttiebemh@yelp.com,"Sporer, Kautzer and Heathcote"
811,Cordelia,Letson,cletsonmi@tinyurl.com,Rodriguez-Stamm
812,Clarine,Crankhorn,ccrankhornmj@salon.com,Goyette-Mante
813,Gerrie,Ricson,gricsonmk@privacy.gov.au,Raynor LLC
814,Caro,Damp,cdampml@privacy.gov.au,Spinka and Sons
815,Claudio,Canape,ccanapemm@phpbb.com,Stokes LLC
816,Cece,Bellwood,cbellwoodmn@ehow.com,"Mayer, Bednar and Streich"
817,Gabbie,Krabbe,gkrabbemo@elegantthemes.com,Haley-Erdman
818,Carola,Laydon,claydonmp@cnet.com,"Borer, Littel and Effertz"
819,Loni,Yurmanovev,lyurmanovevmq@php.net,Bernhard-Collier
820,Keefe,Snalham,ksnalhammr@odnoklassniki.ru,"Bahringer, Bradtke and Osinski"
821,Madonna,Koppke,mkoppkems@google.cn,Gerhold Group
822,Johna,Savidge,jsavidgemt@google.com,Smitham and Sons
823,Cherianne,Duffitt,cduffittmu@furl.net,McClure-Legros
824,Jane,Coales,jcoalesmv@earthlink.net,Bayer-Schmidt
825,Sunny,Schuster,sschustermw@jimdo.com,Kulas Group
826,Ellerey,Urien,eurienmx@furl.net,"Crona, Grant and Ritchie"
827,Trip,Crole,tcrolemy@samsung.com,Gottlieb LLC
828,Yorker,Tolwood,ytolwoodmz@wikipedia.org,Morar and Sons
829,Margarita,Causton,mcaustonn0@oaic.gov.au,Rohan and Sons
830,Sutton,Botwood,sbotwoodn1@msu.edu,Fisher LLC
831,Sallie,Paydon,spaydonn2@sphinn.com,Durgan-Cronin
832,Corrie,Stain,cstainn3@cloudflare.com,Berge Inc
833,Shurlock,Beyer,sbeyern4@goo.gl,Friesen Inc
834,Ferrell,Lotherington,flotheringtonn5@sohu.com,Gottlieb LLC
835,Asia,Lovemore,alovemoren6@github.io,"Cummings, Ondricka and Nienow"
836,Krystal,Bosence,kbosencen7@last.fm,"Labadie, Jaskolski and Ryan"
837,Clarice,Espinoza,cespinozan8@wisc.edu,Padberg Inc
838,Winthrop,Tondeur,wtondeurn9@businesswire.com,Torphy Group
839,Hadria,Cantua,hcantuana@dmoz.org,"Wiza, Nicolas and Feil"
840,Marylinda,Germon,mgermonnb@tiny.cc,McKenzie Inc
841,Ninnette,Echallie,nechallienc@1688.com,Carroll-Ebert
842,Abel,Gormley,agormleynd@ftc.gov,Stroman-Hessel
843,Currie,Rodliff,crodliffne@fda.gov,"Reinger, West and Welch"
844,Husein,Males,hmalesnf@reddit.com,"Wiegand, Armstrong and Senger"
845,Carleen,Knapper,cknapperng@ycombinator.com,Torp LLC
846,Bailie,Marvin,bmarvinnh@gravatar.com,Schmitt Group
847,Marilee,Luisetti,mluisettini@printfriendly.com,Kreiger-Carroll
848,Gianni,Betho,gbethonj@vimeo.com,"Bashirian, Wilkinson and Schulist"
849,Margret,Fancett,mfancettnk@woothemes.com,Hahn and Sons
850,Hadlee,Banting,hbantingnl@paginegialle.it,McCullough LLC
851,Glenn,Pauley,gpauleynm@nytimes.com,Stark-Heidenreich
852,Terza,Madgewick,tmadgewicknn@squarespace.com,"Friesen, Jenkins and Metz"
853,Robb,Predohl,rpredohlno@google.it,"Stoltenberg, Monahan and Herman"
854,Tatiania,Bellingham,tbellinghamnp@sun.com,Grady and Sons
855,Corrine,Offa,coffanq@china.com.cn,"Kuhlman, Bartell and Konopelski"
856,Oliver,Donnersberg,odonnersbergnr@yelp.com,"Wilderman, Beier and Spinka"
857,Jourdan,de Mendoza,jdemendozans@cpanel.net,"Walsh, Schroeder and Connelly"
858,Leese,Hiorn,lhiornnt@guardian.co.uk,Hintz-Cassin
859,Lynette,Tunder,ltundernu@ovh.net,Mohr Inc
860,Nicol,Pigny,npignynv@liveinternet.ru,"Brakus, Mraz and Terry"
861,Pippo,Gribble,pgribblenw@who.int,Keebler Group
862,Clim,Ganniclifft,cganniclifftnx@hatena.ne.jp,"Zieme, Satterfield and Balistreri"
863,Lesly,Bernardino,lbernardinony@mozilla.org,Harris Group
864,Cassy,Brislan,cbrislannz@dyndns.org,Denesik-Luettgen
865,Kayle,Lodevick,klodevicko0@ibm.com,Willms Group
866,Paco,Pottle,ppottleo1@desdev.cn,Gaylord Inc
867,North,Cape,ncapeo2@github.io,Stroman-Goodwin
868,Pieter,Mathen,pmatheno3@reverbnation.com,"Moore, Leannon and Thompson"
869,Dara,Giacobilio,dgiacobilioo4@cisco.com,Bosco Inc
870,Les,Fairholme,lfairholmeo5@tripod.com,"Hayes, Becker and Mueller"
871,Connie,Mahy,cmahyo6@sina.com.cn,"Vandervort, Beatty and Cruickshank"
872,Guthrey,Lamcken,glamckeno7@omniture.com,"Kiehn, Grimes and Douglas"
873,Ainslee,Nertney,anertneyo8@spiegel.de,Marks-Ondricka
874,Helena,Slocket,hslocketo9@51.la,Johnston-Lynch
875,Tracey,MacMarcuis,tmacmarcuisoa@imgur.com,Bailey and Sons
876,Murdoch,Ruseworth,mruseworthob@newsvine.com,"Ullrich, Ernser and Berge"
877,Luca,Ryles,lrylesoc@dailymotion.com,Roob LLC
878,Ingaberg,Deighan,ideighanod@last.fm,Howe-Ratke
879,Dorthea,Bucky,dbuckyoe@irs.gov,Flatley-Veum
880,Tammi,Applewhite,tapplewhiteof@weibo.com,Von Group
881,Brooks,Hendrich,bhendrichog@yellowpages.com,"Morissette, Medhurst and Graham"
882,Arielle,Grinham,agrinhamoh@bing.com,Johns-Graham
883,Ninnetta,Dowles,ndowlesoi@4shared.com,Bernier-Hilll
884,Jessi,Elsip,jelsipoj@miitbeian.gov.cn,"Cremin, Heathcote and Koepp"
885,Stephanie,Edis,sedisok@theguardian.com,"Kuhic, Satterfield and Schmitt"
886,Renelle,Karpmann,rkarpmannol@networkadvertising.org,Baumbach and Sons
887,Katrina,Pettengell,kpettengellom@google.com,"Ortiz, Farrell and Douglas"
888,Rufus,Saunt,rsaunton@aol.com,Keebler-Weber
889,Barbra,Fears,bfearsoo@jalbum.net,Jacobi-Schroeder
890,Francesco,Cranham,fcranhamop@webnode.com,Feil-Littel
891,Morris,Gammons,mgammonsoq@economist.com,"Schneider, Hane and Hettinger"
892,Anthea,MacFie,amacfieor@w3.org,"Rolfson, Schroeder and Mosciski"
893,Lizbeth,Playden,lplaydenos@usnews.com,Murazik-VonRueden
894,Lark,Marikhin,lmarikhinot@nsw.gov.au,"Larkin, O'Keefe and Rau"
895,Flin,Garroch,fgarrochou@virginia.edu,"Connelly, Bosco and Satterfield"
896,Hilario,Brecken,hbreckenov@dyndns.org,"Collins, Johnston and Mills"
897,Alvera,Durbann,adurbannow@creativecommons.org,Bruen-Ortiz
898,Annie,Frane,afraneox@admin.ch,"Fritsch, Leffler and Klocko"
899,Bruis,Ghiotto,bghiottooy@huffingtonpost.com,Heller-Koss
900,Sandy,Wynrehame,swynrehameoz@wiley.com,Greenfelder-Walker
901,Noelle,Ballance,nballancep0@51.la,"Wolff, Schiller and Hickle"
902,Cilka,Pfeffel,cpfeffelp1@forbes.com,"Douglas, Bauch and Murazik"
903,Desiree,Nottingham,dnottinghamp2@telegraph.co.uk,Kuhic-Block
904,Cicely,Deverale,cdeveralep3@wp.com,"Marquardt, Gorczany and Bogan"
905,Fayth,Meardon,fmeardonp4@linkedin.com,O'Connell Group
906,Arnie,Shawl,ashawlp5@google.it,Mueller-Kreiger
907,Mariya,Boyall,mboyallp6@edublogs.org,Schmidt-Jerde
908,Merci,Winspire,mwinspirep7@nature.com,Carroll Inc
909,Griff,Zannolli,gzannollip8@mozilla.org,Carter-Wolff
910,Jackie,McBride,jmcbridep9@webeden.co.uk,Kihn Group
911,Standford,Aumerle,saumerlepa@opensource.org,Wunsch Inc
912,Carlina,Howsan,chowsanpb@odnoklassniki.ru,Gislason Group
913,Cassandra,Pherps,cpherpspc@elegantthemes.com,"Ryan, Rice and Schulist"
914,Laryssa,De Miranda,ldemirandapd@army.mil,"DuBuque, Schaefer and Kunze"
915,Trude,Douglass,tdouglasspe@freewebs.com,Carter Inc
916,Graig,Labb,glabbpf@wordpress.com,Mante-Gibson
917,Kippy,Andreaccio,kandreacciopg@weather.com,Windler Inc
918,Ax,Craigs,acraigsph@csmonitor.com,Cruickshank-Reynolds
919,Mathian,Loads,mloadspi@4shared.com,"Skiles, Feil and Wuckert"
920,Roderich,Fradgley,rfradgleypj@soup.io,Wiegand Inc
921,Ashia,Tringham,atringhampk@google.ru,Trantow-Leffler
922,Rheta,Titley,rtitleypl@census.gov,"Kilback, Hyatt and Lehner"
923,Gail,Cullum,gcullumpm@opensource.org,Oberbrunner-Ryan
924,Flor,Nowland,fnowlandpn@netlog.com,"Mueller, Hagenes and Dickinson"
925,Legra,Gossington,lgossingtonpo@slashdot.org,"Maggio, Effertz and Metz"
926,Aldous,Barhem,abarhempp@goo.ne.jp,Runolfsdottir Group
927,Burty,Nunn,bnunnpq@4shared.com,"Fritsch, Murazik and Rogahn"
928,Buiron,Kondrachenko,bkondrachenkopr@xinhuanet.com,"McGlynn, Treutel and Schaefer"
929,Selig,Ricson,sricsonps@php.net,"Daugherty, Walsh and Reilly"
930,Brigid,Dimblebee,bdimblebeept@miitbeian.gov.cn,Reynolds LLC
931,Cristabel,Conichie,cconichiepu@vistaprint.com,"Hermann, Effertz and Leuschke"
932,Alano,Wensley,awensleypv@ucoz.ru,Prosacco Group
933,Kaitlin,Haseldine,khaseldinepw@fema.gov,"Kuhlman, Roob and Reichel"
934,Clayton,Mosconi,cmosconipx@reference.com,Padberg-Lockman
935,Pryce,Ambroisin,pambroisinpy@lulu.com,Nitzsche Group
936,Adriane,Peirce,apeircepz@flavors.me,D'Amore LLC
937,Ivan,Cordelet,icordeletq0@google.pl,"Legros, Kerluke and Bechtelar"
938,Rosalind,Josefs,rjosefsq1@ox.ac.uk,"Collins, Borer and Zulauf"
939,Paige,Adds,paddsq2@squarespace.com,Torphy-Borer
940,Grantley,Lapley,glapleyq3@utexas.edu,Rice-Ebert
941,Carolee,Grouer,cgrouerq4@eventbrite.com,Schmeler Inc
942,Sebastian,Meegan,smeeganq5@yandex.ru,Wintheiser-Beatty
943,Hortensia,Entissle,hentissleq6@amazon.co.uk,Zboncak-Hermiston
944,Oriana,Adolf,oadolfq7@blogs.com,"Wisozk, Cronin and Wehner"
945,Benny,Stannus,bstannusq8@utexas.edu,Gorczany-Ortiz
946,Maris,Haggleton,mhaggletonq9@creativecommons.org,Daniel-Schuster
947,Tristan,Bickley,tbickleyqa@technorati.com,"Farrell, Ullrich and Treutel"
948,Rochelle,Crombleholme,rcrombleholmeqb@usgs.gov,"Koss, Corkery and Dickinson"
949,Filberto,Cotta,fcottaqc@phpbb.com,DuBuque-Corwin
950,Yehudi,Valentine,yvalentineqd@smh.com.au,Johnston Group
951,Holly-anne,Bisgrove,hbisgroveqe@amazonaws.com,Monahan LLC
952,Benedicta,Geipel,bgeipelqf@cafepress.com,Boyle-Jenkins
953,Keeley,Waylen,kwaylenqg@geocities.jp,Price Inc
954,Ursa,Mussilli,umussilliqh@google.it,"Hessel, Schuppe and Sauer"
955,Verla,O'Kenny,vokennyqi@prlog.org,"Stiedemann, Morissette and Mosciski"
956,Maighdiln,McMillan,mmcmillanqj@gmpg.org,Kihn-Heaney
957,Cora,Yashanov,cyashanovqk@house.gov,Pollich Group
958,Frans,Peasgood,fpeasgoodql@networksolutions.com,Schneider-Witting
959,Murial,Brouncker,mbrounckerqm@telegraph.co.uk,"Sporer, Witting and Mayer"
960,Bridgette,Pate,bpateqn@sbwire.com,"Ortiz, Hermiston and Abernathy"
961,Jerri,Hosburn,jhosburnqo@google.nl,Haley-Sporer
962,Brit,Grinstead,bgrinsteadqp@sfgate.com,Leffler-Considine
963,Ricoriki,Crosson,rcrossonqq@baidu.com,Ebert-Frami
964,Tudor,Jewkes,tjewkesqr@unicef.org,"O'Kon, Brakus and Denesik"
965,Isiahi,Dancer,idancerqs@theatlantic.com,Wunsch Group
966,Ward,Dumbarton,wdumbartonqt@pbs.org,"Kassulke, Strosin and Tromp"
967,Cherry,Guarnier,cguarnierqu@apple.com,Dickinson and Sons
968,Ozzy,MacGilrewy,omacgilrewyqv@go.com,King-Cole
969,Hugues,Quixley,hquixleyqw@alibaba.com,Hermann Inc
970,Minne,Ackroyd,mackroydqx@samsung.com,Corkery-Hansen
971,Karlen,Van Hault,kvanhaultqy@symantec.com,Hartmann-Hayes
972,Drugi,Roles,drolesqz@nba.com,"Wehner, Osinski and Mosciski"
973,Ilka,De Mars,idemarsr0@histats.com,Aufderhar Group
974,Mercie,O'Regan,moreganr1@edublogs.org,"Ferry, Legros and Fadel"
975,Norman,Eagles,neaglesr2@ifeng.com,Doyle Inc
976,Teodor,Curlis,tcurlisr3@apple.com,Grant-Heidenreich
977,Antonin,Rochewell,arochewellr4@tumblr.com,Waters Inc
978,Zelda,Farmer,zfarmerr5@aboutads.info,Waelchi LLC
979,Dill,Greenhouse,dgreenhouser6@nsw.gov.au,DuBuque LLC
980,Harv,Crayden,hcraydenr7@godaddy.com,Bailey Inc
981,Gizela,Goody,ggoodyr8@furl.net,Adams-Block
982,Maurie,Grigorian,mgrigorianr9@slashdot.org,"Luettgen, Fay and Wuckert"
983,Tonie,Seggie,tseggiera@examiner.com,Bruen and Sons
984,Bernette,Whiskerd,bwhiskerdrb@harvard.edu,Koch-Daugherty
985,Cristy,Witherbed,cwitherbedrc@cbsnews.com,Douglas LLC
986,Rosaline,Mesnard,rmesnardrd@1688.com,"Durgan, O'Hara and Funk"
987,Karita,O' Shea,kosheare@amazonaws.com,"Ledner, Hahn and Ward"
988,Oliver,Edney,oedneyrf@illinois.edu,"Ferry, DuBuque and Fay"
989,Homere,Joblin,hjoblinrg@squidoo.com,Schiller-McLaughlin
990,Stavros,Gregorowicz,sgregorowiczrh@thetimes.co.uk,Brown-McLaughlin
991,Tabbatha,Elkington,telkingtonri@a8.net,"MacGyver, Abshire and Anderson"
992,Grantham,O'Henery,goheneryrj@cargocollective.com,"Kessler, Hand and Zulauf"
993,Filbert,Arrow,farrowrk@deviantart.com,"Haley, Bergnaum and Blick"
994,Boony,Jelliman,bjellimanrl@gravatar.com,Bahringer-Friesen
995,Chase,Bartke,cbartkerm@geocities.com,Gleichner and Sons
996,Luigi,MacEveley,lmaceveleyrn@wix.com,"Hegmann, Veum and Little"
997,Benedick,Singleton,bsingletonro@ovh.net,Hessel-Blanda
998,Aura,Ameer-Beg,aameerbegrp@blogger.com,Bruen-Johnson
999,Gamaliel,Schankelborg,gschankelborgrq@umn.edu,Cartwright-Windler
1000,Pen,Garfitt,pgarfittrr@histats.com,Adams-Adams
